timeStamp,elapsed,label,responseCode,responseMessage,threadName,dataType,success,failureMessage,bytes,sentBytes,grpThreads,allThreads,URL,Latency,IdleTime,Connect
1755810429098,2729,REST Request,201,,REST Request 1-1,text,true,,422,722,1,1,http://localhost:8081/auth-rest-application/v1/createUser,2729,0,2
1755810431828,2588,REST Request,201,,REST Request 1-1,text,true,,422,722,1,1,http://localhost:8081/auth-rest-application/v1/createUser,2588,0,0
1755810434415,2642,REST Request,201,,REST Request 1-1,text,true,,422,722,1,1,http://localhost:8081/auth-rest-application/v1/createUser,2642,0,0
1755810437057,2756,REST Request,201,,REST Request 1-1,text,true,,422,722,1,1,http://localhost:8081/auth-rest-application/v1/createUser,2756,0,0
1755810439814,2762,REST Request,201,,REST Request 1-1,text,true,,422,722,1,1,http://localhost:8081/auth-rest-application/v1/createUser,2761,0,0
1755810442576,2918,REST Request,201,,REST Request 1-1,text,true,,422,722,1,1,http://localhost:8081/auth-rest-application/v1/createUser,2918,0,0
1755810445493,2753,REST Request,201,,REST Request 1-1,text,true,,422,722,1,1,http://localhost:8081/auth-rest-application/v1/createUser,2753,0,0
1755810448246,2685,REST Request,201,,REST Request 1-1,text,true,,422,722,1,1,http://localhost:8081/auth-rest-application/v1/createUser,2685,0,0
1755810450932,3095,REST Request,201,,REST Request 1-1,text,true,,422,722,1,1,http://localhost:8081/auth-rest-application/v1/createUser,3095,0,0
1755810454027,2831,REST Request,201,,REST Request 1-1,text,true,,422,722,1,1,http://localhost:8081/auth-rest-application/v1/createUser,2831,0,0
1755810456859,2797,REST Request,201,,REST Request 1-1,text,true,,422,722,1,1,http://localhost:8081/auth-rest-application/v1/createUser,2796,0,0
1755810459657,2832,REST Request,201,,REST Request 1-1,text,true,,422,722,1,1,http://localhost:8081/auth-rest-application/v1/createUser,2832,0,0
1755810462489,2856,REST Request,201,,REST Request 1-1,text,true,,422,722,1,1,http://localhost:8081/auth-rest-application/v1/createUser,2856,0,0
1755810465345,5241,REST Request,201,,REST Request 1-1,text,true,,422,722,1,1,http://localhost:8081/auth-rest-application/v1/createUser,5241,0,0
1755810470586,4064,REST Request,201,,REST Request 1-1,text,true,,422,722,1,1,http://localhost:8081/auth-rest-application/v1/createUser,4064,0,0
1755810474651,7388,REST Request,201,,REST Request 1-1,text,true,,422,722,1,1,http://localhost:8081/auth-rest-application/v1/createUser,7388,0,0
1755810482040,5088,REST Request,201,,REST Request 1-1,text,true,,422,722,1,1,http://localhost:8081/auth-rest-application/v1/createUser,5088,0,0
1755810487128,4328,REST Request,201,,REST Request 1-1,text,true,,422,722,1,1,http://localhost:8081/auth-rest-application/v1/createUser,4328,0,0
1755810491457,3621,REST Request,201,,REST Request 1-1,text,true,,422,722,1,1,http://localhost:8081/auth-rest-application/v1/createUser,3621,0,6
1755810495078,3092,REST Request,201,,REST Request 1-1,text,true,,422,722,1,1,http://localhost:8081/auth-rest-application/v1/createUser,3092,0,0
1755810498170,3185,REST Request,201,,REST Request 1-1,text,true,,422,722,1,1,http://localhost:8081/auth-rest-application/v1/createUser,3185,0,0
1755810501355,2603,REST Request,201,,REST Request 1-1,text,true,,422,722,1,1,http://localhost:8081/auth-rest-application/v1/createUser,2603,0,0
1755810503958,2812,REST Request,201,,REST Request 1-1,text,true,,422,722,1,1,http://localhost:8081/auth-rest-application/v1/createUser,2812,0,0
1755810506771,2715,REST Request,201,,REST Request 1-1,text,true,,422,722,1,1,http://localhost:8081/auth-rest-application/v1/createUser,2715,0,0
1755810509486,3101,REST Request,201,,REST Request 1-1,text,true,,422,722,1,1,http://localhost:8081/auth-rest-application/v1/createUser,3101,0,0
1755810512587,2675,REST Request,201,,REST Request 1-1,text,true,,422,722,1,1,http://localhost:8081/auth-rest-application/v1/createUser,2675,0,0
1755810515262,2774,REST Request,201,,REST Request 1-1,text,true,,422,722,1,1,http://localhost:8081/auth-rest-application/v1/createUser,2774,0,0
1755810518036,2584,REST Request,201,,REST Request 1-1,text,true,,422,722,1,1,http://localhost:8081/auth-rest-application/v1/createUser,2583,0,0
1755810520620,2766,REST Request,201,,REST Request 1-1,text,true,,422,722,1,1,http://localhost:8081/auth-rest-application/v1/createUser,2766,0,0
1755810523386,2682,REST Request,201,,REST Request 1-1,text,true,,422,722,1,1,http://localhost:8081/auth-rest-application/v1/createUser,2682,0,0
1755810526069,2791,REST Request,201,,REST Request 1-1,text,true,,422,722,1,1,http://localhost:8081/auth-rest-application/v1/createUser,2791,0,0
1755810528860,2725,REST Request,201,,REST Request 1-1,text,true,,422,722,1,1,http://localhost:8081/auth-rest-application/v1/createUser,2725,0,0
1755810531585,3316,REST Request,201,,REST Request 1-1,text,true,,422,722,1,1,http://localhost:8081/auth-rest-application/v1/createUser,3316,0,0
1755810534902,3094,REST Request,201,,REST Request 1-1,text,true,,422,722,1,1,http://localhost:8081/auth-rest-application/v1/createUser,3094,0,0
1755810537996,3299,REST Request,201,,REST Request 1-1,text,true,,422,722,1,1,http://localhost:8081/auth-rest-application/v1/createUser,3299,0,0
1755810541294,3480,REST Request,201,,REST Request 1-1,text,true,,422,722,1,1,http://localhost:8081/auth-rest-application/v1/createUser,3480,0,0
1755810544774,4256,REST Request,201,,REST Request 1-1,text,true,,422,722,1,1,http://localhost:8081/auth-rest-application/v1/createUser,4256,0,0
1755810549031,3689,REST Request,201,,REST Request 1-1,text,true,,422,722,1,1,http://localhost:8081/auth-rest-application/v1/createUser,3689,0,0
1755810552721,3972,REST Request,201,,REST Request 1-1,text,true,,422,722,1,1,http://localhost:8081/auth-rest-application/v1/createUser,3972,0,3
1755810556693,2774,REST Request,201,,REST Request 1-1,text,true,,422,722,1,1,http://localhost:8081/auth-rest-application/v1/createUser,2774,0,0
1755810559467,2899,REST Request,201,,REST Request 1-1,text,true,,422,722,1,1,http://localhost:8081/auth-rest-application/v1/createUser,2899,0,0
1755810562366,2714,REST Request,201,,REST Request 1-1,text,true,,422,722,1,1,http://localhost:8081/auth-rest-application/v1/createUser,2714,0,0
1755810565082,2619,REST Request,201,,REST Request 1-1,text,true,,422,722,1,1,http://localhost:8081/auth-rest-application/v1/createUser,2619,0,0
1755810567701,2867,REST Request,201,,REST Request 1-1,text,true,,422,722,1,1,http://localhost:8081/auth-rest-application/v1/createUser,2867,0,0
1755810570569,2833,REST Request,201,,REST Request 1-1,text,true,,422,722,1,1,http://localhost:8081/auth-rest-application/v1/createUser,2832,0,0
1755810573402,2699,REST Request,201,,REST Request 1-1,text,true,,422,722,1,1,http://localhost:8081/auth-rest-application/v1/createUser,2699,0,0
1755810576102,2767,REST Request,201,,REST Request 1-1,text,true,,422,722,1,1,http://localhost:8081/auth-rest-application/v1/createUser,2767,0,0
1755810578869,2704,REST Request,201,,REST Request 1-1,text,true,,422,722,1,1,http://localhost:8081/auth-rest-application/v1/createUser,2703,0,0
1755810581573,2921,REST Request,201,,REST Request 1-1,text,true,,422,722,1,1,http://localhost:8081/auth-rest-application/v1/createUser,2921,0,0
1755810584494,2776,REST Request,201,,REST Request 1-1,text,true,,422,722,1,1,http://localhost:8081/auth-rest-application/v1/createUser,2776,0,0
1755810587272,2680,REST Request,201,,REST Request 1-1,text,true,,422,722,1,1,http://localhost:8081/auth-rest-application/v1/createUser,2680,0,0
1755810589952,2592,REST Request,201,,REST Request 1-1,text,true,,422,722,1,1,http://localhost:8081/auth-rest-application/v1/createUser,2592,0,0
1755810592544,2785,REST Request,201,,REST Request 1-1,text,true,,422,722,1,1,http://localhost:8081/auth-rest-application/v1/createUser,2785,0,0
1755810595329,2773,REST Request,201,,REST Request 1-1,text,true,,422,722,1,1,http://localhost:8081/auth-rest-application/v1/createUser,2773,0,0
1755810598102,2949,REST Request,201,,REST Request 1-1,text,true,,422,722,1,1,http://localhost:8081/auth-rest-application/v1/createUser,2949,0,0
1755810601052,2726,REST Request,201,,REST Request 1-1,text,true,,422,722,1,1,http://localhost:8081/auth-rest-application/v1/createUser,2726,0,0
1755810603778,2823,REST Request,201,,REST Request 1-1,text,true,,422,722,1,1,http://localhost:8081/auth-rest-application/v1/createUser,2823,0,0
1755810606601,2917,REST Request,201,,REST Request 1-1,text,true,,422,722,1,1,http://localhost:8081/auth-rest-application/v1/createUser,2917,0,0
1755810609518,2849,REST Request,201,,REST Request 1-1,text,true,,422,722,1,1,http://localhost:8081/auth-rest-application/v1/createUser,2849,0,0
1755810612367,2714,REST Request,201,,REST Request 1-1,text,true,,422,722,1,1,http://localhost:8081/auth-rest-application/v1/createUser,2714,0,0
1755810615082,2924,REST Request,201,,REST Request 1-1,text,true,,422,722,1,1,http://localhost:8081/auth-rest-application/v1/createUser,2924,0,3
1755810618006,2824,REST Request,201,,REST Request 1-1,text,true,,422,722,1,1,http://localhost:8081/auth-rest-application/v1/createUser,2824,0,0
1755810620830,2841,REST Request,201,,REST Request 1-1,text,true,,422,722,1,1,http://localhost:8081/auth-rest-application/v1/createUser,2841,0,0
1755810623671,2589,REST Request,201,,REST Request 1-1,text,true,,422,722,1,1,http://localhost:8081/auth-rest-application/v1/createUser,2589,0,0
1755810626260,2696,REST Request,201,,REST Request 1-1,text,true,,422,722,1,1,http://localhost:8081/auth-rest-application/v1/createUser,2696,0,0
1755810628956,2859,REST Request,201,,REST Request 1-1,text,true,,422,722,1,1,http://localhost:8081/auth-rest-application/v1/createUser,2859,0,0
1755810631816,2688,REST Request,201,,REST Request 1-1,text,true,,422,722,1,1,http://localhost:8081/auth-rest-application/v1/createUser,2688,0,0
1755810634504,2857,REST Request,201,,REST Request 1-1,text,true,,422,722,1,1,http://localhost:8081/auth-rest-application/v1/createUser,2856,0,0
1755810637361,2840,REST Request,201,,REST Request 1-1,text,true,,422,722,1,1,http://localhost:8081/auth-rest-application/v1/createUser,2840,0,0
1755810640201,2941,REST Request,201,,REST Request 1-1,text,true,,422,722,1,1,http://localhost:8081/auth-rest-application/v1/createUser,2941,0,0
1755810643142,2687,REST Request,201,,REST Request 1-1,text,true,,422,722,1,1,http://localhost:8081/auth-rest-application/v1/createUser,2687,0,0
1755810645830,2797,REST Request,201,,REST Request 1-1,text,true,,422,722,1,1,http://localhost:8081/auth-rest-application/v1/createUser,2797,0,0
1755810648627,2865,REST Request,201,,REST Request 1-1,text,true,,422,722,1,1,http://localhost:8081/auth-rest-application/v1/createUser,2865,0,0
1755810651492,2708,REST Request,201,,REST Request 1-1,text,true,,422,722,1,1,http://localhost:8081/auth-rest-application/v1/createUser,2708,0,0
1755810654200,2714,REST Request,201,,REST Request 1-1,text,true,,422,722,1,1,http://localhost:8081/auth-rest-application/v1/createUser,2714,0,0
1755810656915,2773,REST Request,201,,REST Request 1-1,text,true,,422,722,1,1,http://localhost:8081/auth-rest-application/v1/createUser,2773,0,0
1755810659689,2884,REST Request,201,,REST Request 1-1,text,true,,422,722,1,1,http://localhost:8081/auth-rest-application/v1/createUser,2884,0,0
1755810662572,3175,REST Request,201,,REST Request 1-1,text,true,,422,722,1,1,http://localhost:8081/auth-rest-application/v1/createUser,3175,0,0
1755810665748,2652,REST Request,201,,REST Request 1-1,text,true,,422,722,1,1,http://localhost:8081/auth-rest-application/v1/createUser,2652,0,0
1755810668400,2903,REST Request,201,,REST Request 1-1,text,true,,422,722,1,1,http://localhost:8081/auth-rest-application/v1/createUser,2903,0,0
1755810671303,2639,REST Request,201,,REST Request 1-1,text,true,,422,722,1,1,http://localhost:8081/auth-rest-application/v1/createUser,2639,0,0
1755810673942,2986,REST Request,201,,REST Request 1-1,text,true,,422,722,1,1,http://localhost:8081/auth-rest-application/v1/createUser,2986,0,0
1755810676928,2784,REST Request,201,,REST Request 1-1,text,true,,422,722,1,1,http://localhost:8081/auth-rest-application/v1/createUser,2783,0,3
1755810679712,2949,REST Request,201,,REST Request 1-1,text,true,,422,722,1,1,http://localhost:8081/auth-rest-application/v1/createUser,2949,0,0
1755810682661,3078,REST Request,201,,REST Request 1-1,text,true,,422,722,1,1,http://localhost:8081/auth-rest-application/v1/createUser,3078,0,0
1755810685740,2802,REST Request,201,,REST Request 1-1,text,true,,422,722,1,1,http://localhost:8081/auth-rest-application/v1/createUser,2802,0,0
1755810688542,2632,REST Request,201,,REST Request 1-1,text,true,,422,722,1,1,http://localhost:8081/auth-rest-application/v1/createUser,2632,0,0
1755810691175,2823,REST Request,201,,REST Request 1-1,text,true,,422,722,1,1,http://localhost:8081/auth-rest-application/v1/createUser,2823,0,0
1755810693998,2801,REST Request,201,,REST Request 1-1,text,true,,422,722,1,1,http://localhost:8081/auth-rest-application/v1/createUser,2801,0,0
1755810696799,2744,REST Request,201,,REST Request 1-1,text,true,,422,722,1,1,http://localhost:8081/auth-rest-application/v1/createUser,2744,0,0
1755810699543,2557,REST Request,201,,REST Request 1-1,text,true,,422,722,1,1,http://localhost:8081/auth-rest-application/v1/createUser,2557,0,0
1755810702102,2667,REST Request,201,,REST Request 1-1,text,true,,422,722,1,1,http://localhost:8081/auth-rest-application/v1/createUser,2667,0,0
1755810704769,2728,REST Request,201,,REST Request 1-1,text,true,,422,722,1,1,http://localhost:8081/auth-rest-application/v1/createUser,2728,0,0
1755810707496,2745,REST Request,201,,REST Request 1-1,text,true,,422,722,1,1,http://localhost:8081/auth-rest-application/v1/createUser,2745,0,0
1755810710242,2742,REST Request,201,,REST Request 1-1,text,true,,422,722,1,1,http://localhost:8081/auth-rest-application/v1/createUser,2742,0,0
1755810712984,2792,REST Request,201,,REST Request 1-1,text,true,,422,722,1,1,http://localhost:8081/auth-rest-application/v1/createUser,2792,0,0
1755810715776,2909,REST Request,201,,REST Request 1-1,text,true,,423,724,1,1,http://localhost:8081/auth-rest-application/v1/createUser,2909,0,0
1755810718686,2665,REST Request,201,,REST Request 1-1,text,true,,423,724,1,1,http://localhost:8081/auth-rest-application/v1/createUser,2665,0,0
1755810721351,2651,REST Request,201,,REST Request 1-1,text,true,,423,724,1,1,http://localhost:8081/auth-rest-application/v1/createUser,2651,0,0
1755810724002,2701,REST Request,201,,REST Request 1-1,text,true,,423,724,1,1,http://localhost:8081/auth-rest-application/v1/createUser,2701,0,0
